2.4741886747685733, 192.8469384943171
2.502738865593912, -189.05810846739848
2.688909901600802, 164.48981190199618
2.7777043938998425, -144.45092274720616
2.787142689584776, 137.7634994794862
3.1135090193216683, 110.37374488927207
3.242664644483906, -99.69242565543232
3.398055006007226, 81.25465023691754
3.6753359887774124, -69.3085088639134
3.878186294179283, 52.69138926918356
4.07141323927495, 185.60071512727234
4.002921619870733, -190.32402633285017
4.331049162678017, 152.06002776001094
4.322813530709173, -127.06494946351313
4.430896395976518, -161.13671007612948
4.483732788088346, 123.21862386345686
4.49243525267147, -41.94209335803032
4.885093677797066, 31.247787184209187
5.031470052980939, 88.9809871483044
5.170502284773235, -88.45803625352619
5.446382498814636, 60.908277385453744
5.563160709898831, 190.3358709908856
5.457683616016336, -192.2611355497828
5.822796633301898, 156.79518362362433
5.822796633301898, -132.23144543616013
5.728910428857041, -159.5993218087226
5.921029421285873, 127.79235395899252
6.017088917500288, 100.56520774321575
5.98076389792341, -29.059684023199907
5.864523835277392, -57.36300202616144
6.376841148420947, 33.02347063306411
6.669728435898236, -86.7693961109876
6.587795336185941, -117.84385646595024
6.9403901928788585, 66.51154515739643
7.01045711952937, 192.1904737041342
7.01045711952937, -190.52849897241515
7.220657899480919, -150.98994751124383
7.450157510346131, 149.51032844883457
7.356271305901274, 122.1424520762721
7.356271305901274, 96.09909482639864
7.356271305901274, -20.773161261876453
7.356271305901274, -46.816518511749905
7.752679724668457, 28.854914616378892
8.034338338003035, -72.85987576162336
8.034338338003035, -98.90323301149681
8.034338338003035, -124.94659026137026
8.411042244726236, 65.90649746371241
8.473467463554655, 197.3822338831675
8.54665565114659, 160.47808262865692
8.475081908869182, -175.25762131226213
8.502204590153251, -210.12020635811552
8.7124053701048, -148.83760393687396
8.96767766454311, 124.62397760907481
8.832950620256224, 95.23815739665076
8.848018776525151, -18.997477813021533
8.848018776525151, -47.0317528691869
9.34050956826222, 24.21081944245043
9.558374714917477, -85.37421625831587
9.526085808626917, -122.79424668700051
9.923885134126618, 52.937431681704766
10.060063596407055, 208.43797726115747
9.932926027887973, 177.8881506524475
9.932926027887973, 151.84479340257406
9.932926027887973, -177.03330476111717
9.932926027887973, -211.63222771911035
10.204152840728678, -150.98994751124383
10.45600630979505, 124.6637688348195
10.339766247149033, 94.16198560946589
10.378512934697703, 71.56237807858395
10.339766247149033, -20.773161261876453
10.339766247149033, -46.816518511749905
10.852083560292588, 26.052268944966727
11.017833279250794, -72.85987576162336
11.017833279250794, -98.90323301149681
11.017833279250794, -124.94659026137026
11.48569953140101, 209.9473081926842
11.424673498511854, 174.013932218582
11.465357520437962, 148.50866086230099
11.424673498511854, -177.03330476111717
11.424673498511854, -213.19267681052827
11.69590031135256, -150.98994751124383
11.95117260579087, 110.41851001823477
11.83151371777291, 78.66511187400397
11.83151371777291, 52.62175462413052
11.83151371777291, -20.773161261876453
11.83151371777291, -46.816518511749905
12.263781450737788, 28.28009401274312
12.509580749874676, -72.85987576162336
12.509580749874676, -98.90323301149681
12.509580749874676, -124.94659026137026
13.02189806301823, 218.7468061725658
12.916420969135736, 185.6365875201784
12.916420969135736, 159.59323027030496
12.916420969135736, 133.5498730204315
12.916420969135736, -177.03330476111717
12.916420969135736, -214.64550872322786
13.187647781976441, -150.98994751124383
13.43950125104281, 108.25983602158749
13.323261188396792, 76.51276829963422
13.428738282279287, 51.30643355090467
13.379766774405272, -19.655138349634512
13.323261188396792, -47.2469872266239
13.730101407657852, 25.28699122963519
14.109818945634839, -68.12471989801008
14.001328220498554, -100.62510787099268
14.001328220498554, -126.66846512086613
14.440457346050177, 223.42559113304094
14.408168439759617, 185.8518218776153
14.408168439759617, 159.80846462774184
14.513645533642109, 134.43472537878347
14.453372908566397, -169.53597464372933
14.408168439759617, -205.22900558536037
14.535306008278692, -235.18693771111873
14.900659231496686, 96.48425104497005
14.815008659020673, 62.09206635135729
14.815008659020673, 36.04870910148384
14.835350669983729, -10.434737626320725
15.191712565743874, -47.60571115568541
15.19472619699766, -144.1239715090045
15.549581277130915, -72.07068311768785
15.493075691122439, -99.97940479868168
15.645640773345331, -125.53848474432198
15.932204816674055, 230.97929215356692
15.899915910383495, 193.3850243879093
15.899915910383495, 167.34166713803586
15.899915910383495, 141.2983098881624
16.005393004265986, 116.28329456826566
15.932204816674055, -181.4302352059011
15.899915910383495, -219.21923881876353
15.976198451494941, -243.3254868517041
16.41223322352705, 80.11196505455246
16.30675612964455, 46.81042697333237
16.180183616985556, 23.342707534121246
16.30675612964455, -23.786442265994083
16.713596348905607, -46.421922189782094
16.740719030189677, -141.2039587264428
16.984823161746316, -77.59503162523674
16.984823161746316, -103.6383888751102
17.423952287297933, 239.54766943058144
17.391663381007373, 201.99439868538798
17.391663381007373, 175.95104143551453
17.391663381007373, 149.90768418564107
17.391663381007373, 123.86432693576762
17.49714047488987, 98.65799218703808
17.391663381007373, -181.76846062473066
17.391663381007373, -207.81181787460412
17.391663381007373, -243.7559555665781
17.903980694150928, 62.2235984586797
17.67193108760944, 29.735167949999095
18.069730413109138, -25.508317125489953
18.069730413109138, -51.551674375363405
18.069730413109138, -129.68174612498376
18.069730413109138, -155.7251033748572
18.476570632370194, -77.59503162523686
18.476570632370194, -103.63838887511031
18.91569975792181, 248.3415303201491
18.88341085163125, 210.81900734030387
18.88341085163125, 184.77565009043042
18.88341085163125, 158.73229284055697
18.88341085163125, 132.6889355906835
18.88341085163125, 106.64557834081006
18.98888794551375, 81.55881823510094
18.88341085163125, -181.76846062473066
18.88341085163125, -207.81181787460412
18.7637519636133, -242.07206324074775
19.290251070892314, 42.07527110971887
19.561477883733016, -25.508317125489953
19.561477883733016, -51.551674375363405
19.561477883733016, -129.68174612498376
19.561477883733016, -155.7251033748572
19.81675017817133, -264.70332288301745
19.968318102994072, -77.59503162523686
19.968318102994072, -103.63838887511031
20.407447228545696, 257.81184204737576
20.375158322255135, 220.28931906753064
20.375158322255135, 194.24596181765708
20.375158322255135, 168.20260456778362
20.375158322255135, 142.15924731791017
20.375158322255135, 116.11589006803672
20.375158322255135, 90.07253281816327
20.480635416137627, 64.98577271245415
20.460808894731148, 26.57839737425695
20.375158322255135, -181.76846062473066
20.375158322255135, -207.81181787460412
20.375158322255135, -233.85517512447757
21.0532253543569, -25.508317125489953
21.0532253543569, -51.551674375363405
21.0532253543569, -129.68174612498376
21.0532253543569, -155.7251033748572
21.188838760777248, -269.20741833349996
21.460065573617957, -77.59503162523686
21.460065573617957, -103.63838887511031
21.952556365355026, 269.1928307020255
21.866905792879013, 234.49478665837069
21.866905792879013, 208.45142940849723
21.866905792879013, 182.40807215862378
21.866905792879013, 156.36471490875033
21.866905792879013, 130.32135765887688
21.866905792879013, 104.27800040900343
21.866905792879013, 78.23464315912986
21.866905792879013, 52.19128590925641
21.750665730233, 27.593073630745607
21.866905792879013, -181.76846062473066
21.866905792879013, -207.81181787460412
21.866905792879013, -233.85517512447757
22.54497282498078, -25.508317125489953
22.54497282498078, -51.551674375363405
22.54497282498078, -129.68174612498376
22.54497282498078, -155.7251033748572
22.560927343383174, -267.6279779752491
22.951813044241835, -77.59503162523686
22.951813044241835, -103.63838887511031
23.39094216979345, 278.1053671771474
23.35865326350289, 240.52134866660583
23.35865326350289, 214.47799141673238
23.35865326350289, 188.43463416685893
23.35865326350289, 162.39127691698548
23.35865326350289, 136.34791966711202
23.35865326350289, 110.30456241723857
23.35865326350289, 84.26120516736512
23.35865326350289, 58.21784791749167
23.302147677494407, 32.79328944524946
23.35865326350289, -181.76846062473066
23.35865326350289, -207.81181787460412
23.35865326350289, -233.85517512447757
23.621404238442327, -290.1591378152551
24.036720295604656, -25.508317125489953
24.036720295604656, -51.551674375363405
24.036720295604656, -129.68174612498376
24.036720295604656, -155.7251033748572
24.17233370202501, -259.89853237435125
24.467492292469306, 26.57839737425695
24.443560514865712, -77.59503162523686
24.443560514865712, -103.63838887511031
24.91142676701593, 289.73468449456925
24.850400734126776, 253.650644470261
24.850400734126776, 227.60728722038766
24.850400734126776, 201.5639299705142
24.850400734126776, 175.52057272064076
24.850400734126776, 149.4772154707673
24.850400734126776, 123.43385822089385
24.850400734126776, 97.3905009710204
24.850400734126776, 71.34714372114695
24.96664079677279, 48.90127501700567
24.944286938571633, -179.2187613135544
24.850400734126776, -208.6727553043521
24.850400734126776, -234.71611255422556
25.025568050753062, -291.9594835342333
25.528467766228534, -28.52159812960747
25.528467766228534, -54.56495537948092
25.633944860111033, -123.23667286617672
25.54353592249746, -158.35574552130902
25.838441266617917, -252.45757316010156
25.90624796982809, 32.41278584906627
26.05154804813561, -76.41124265933354
26.17263144672521, -107.18975577282038
26.427798777226666, 302.0897030176551
26.342148204750654, 267.42564334622716
26.342148204750654, 241.38228609635382
26.342148204750654, 215.33892884648037
26.342148204750654, 189.29557159660692
26.342148204750654, 163.25221434673335
26.342148204750654, 137.2088570968599
26.342148204750654, 111.16549984698645
26.342148204750654, 85.122142597113
26.342148204750654, 59.078785347239545
26.342148204750654, -186.50361648834416
26.342148204750654, -212.54697373821762
26.374437111041214, -302.1767097280418
27.02021523685242, -30.24347298910334
27.02021523685242, -134.41690198859715
27.02021523685242, -160.4602592384706
27.155828643272766, -238.59033098809107
27.155828643272766, -264.6336882379645
27.523922174985156, 31.990004075529328
27.427055456113475, -56.28683023897679
27.427055456113475, -82.33018748885024
27.427055456113475, -108.3735447387237
27.86618458166509, 311.92790906009986
27.83389567537453, 274.3131427842102
27.83389567537453, 248.26978553433673
27.83389567537453, 222.22642828446328
27.83389567537453, 196.18307103458983
27.83389567537453, 170.13971378471638
27.83389567537453, 144.09635653484293
27.83389567537453, 118.05299928496947
27.83389567537453, 92.00964203509602
27.83389567537453, 65.96628478522257
28.07121913661015, 46.7028097946137
27.83389567537453, -186.50361648834416
27.83389567537453, -212.54697373821762
27.777390089366047, -292.6500270976768
28.0551596542709, -323.5116131210517
28.511962707476297, -30.88917606141422
28.62820277012231, -129.85085883439854
28.511962707476297, -161.10596231078148
28.774148626555647, -232.90814395175505
28.64757611389665, -265.4946256677125
28.900721139214642, 33.28653484770916
29.035042989383367, -52.228125213022395
28.918802926737353, -83.62159363347212
28.867947899329724, -109.26138646315121
29.41129371847443, 326.51313852471344
29.32564314599841, 291.74712573660486
29.32564314599841, 265.7037684867314
29.32564314599841, 239.66041123685795
29.32564314599841, 213.6170539869845
29.32564314599841, 187.57369673711105
29.32564314599841, 161.5303394872376
29.32564314599841, 135.48698223736415
29.32564314599841, 109.4436249874907
29.32564314599841, 83.40026773761724
29.35276582728248, 58.30394166046642
29.44530203401637, -179.40088269292403
29.441883208644423, -214.23810083236538
29.45278071451749, -284.6101270375833
29.397018623061758, -324.63309740453917
30.003710178100174, -136.78447992040378
30.13932358452053, -240.9579089198977
30.410550397361238, 35.72585756532828
30.410550397361238, -32.611050920909975
30.410550397361238, -58.65440817078343
30.410550397361238, -84.69776542065688
30.410550397361238, -110.74112267053033
30.51602749124373, -333.81957668964867
30.937049504640253, 340.0735694034823
30.817390616622294, 308.32017125925165
30.817390616622294, 282.2768140093782
30.817390616622294, 256.23345675950475
30.817390616622294, 230.1900995096313
30.817390616622294, 204.14674225975784
30.817390616622294, 178.1033850098844
30.817390616622294, 152.06002776001083
30.817390616622294, 126.01667051013737
30.817390616622294, 99.97331326026392
30.817390616622294, 73.92995601039047
30.76653558921466, 52.3258073826546
30.817390616622294, -162.82783717027723
30.817390616622294, -188.8711944201508
30.817390616622294, -214.91455167002425
30.817390616622294, -267.00126616977116
30.95300402304265, -293.0446234196446
31.49545764872406, -136.7844799204039
31.631071055144407, -240.9579089198977
31.902297867985116, -32.61105092091009
31.902297867985116, -58.65440817078354
31.902297867985116, -84.69776542065699
31.902297867985116, -110.74112267053044
31.902297867985116, -319.08798066951806
31.902297867985116, -353.7407122168703
32.0664614652308, 36.79636529047514
32.34142699353673, 349.01996332507116
32.30913808724617, 311.33345226336917
32.30913808724617, 285.2900950134957
32.30913808724617, 259.24673776362215
32.30913808724617, 233.2033805137487
32.30913808724617, 207.16002326387525
32.30913808724617, 181.1166660140018
32.30913808724617, 155.07330876412834
32.30913808724617, 129.0299515142549
32.30913808724617, 102.98659426438144
32.30913808724617, 76.94323701450799
32.54646154848179, 56.17312152184036
32.30913808724617, -162.82783717027735
32.30913808724617, -188.8711944201508
32.30913808724617, -214.91455167002425
32.30913808724617, -267.00126616977116
32.44475149366653, -293.0446234196446
32.987205119347934, -136.7844799204039
33.179324111776765, -239.18222547104267
33.39404533860899, -33.687222708094964
33.39404533860899, -59.730579957968416
33.39404533860899, -85.77393720784187
33.39404533860899, -111.81729445771532
33.510285401255004, -315.19838835297844
33.30839476613298, -355.28700115319396
33.49575539342426, 38.021690711322435
33.83317446416061, 360.51962756527496
33.800885557870046, 322.9561075649656
33.800885557870046, 296.9127503150921
33.800885557870046, 270.86939306521856
33.800885557870046, 244.8260358153451
33.800885557870046, 218.78267856547166
33.800885557870046, 192.7393213155982
33.800885557870046, 166.69596406572475
33.800885557870046, 140.6526068158513
33.800885557870046, 114.60924956597785
33.800885557870046, 88.5658923161044
33.800885557870046, 62.522535066230944
33.92054444588801, -156.6999884056013
33.800885557870046, -191.23877235195744
33.800885557870046, -217.2821296018309
33.928023126389135, -261.97016306468197
34.011839745635044, -292.78155920499955
34.626894487884925, -367.51571109283657
34.88579280923287, -37.346206784523474
34.88579280923287, -63.389564034396926
34.88579280923287, -89.43292128427038
34.88579280923287, -115.47627853414383
34.88579280923287, -323.82313653313156
35.13764627829924, 41.20664673863382
35.353659061383084, 372.12639652144145
35.29263302849394, 336.08540336862075
35.29263302849394, 310.0420461187473
35.29263302849394, 283.99868886887384
35.29263302849394, 257.9553316190004
35.29263302849394, 231.91197436912694
35.29263302849394, 205.86861711925349
35.29263302849394, 179.82525986938003
35.29263302849394, 153.78190261950658
35.29263302849394, 127.73854536963313
35.29263302849394, 101.69518811975968
35.29263302849394, 75.65183086988623
35.29263302849394, 57.94880497069528
35.29263302849394, -141.51963578401728
35.29263302849394, -167.56299303389073
35.29263302849394, -193.6063502837643
35.29263302849394, -219.64970753363775
35.29263302849394, -245.6930647835112
35.428246434914286, -271.73642203338466
35.428246434914286, -297.7797792832581
35.97070006059569, -349.866493783005
35.97070006059569, -384.35779956227964
36.37754027985676, -37.346206784523474
36.37754027985676, -63.389564034396926
36.37754027985676, -89.43292128427038
36.37754027985676, -115.47627853414383
36.37754027985676, -323.82313653313156
36.470774496770744, 41.00582539620382
36.889857593000315, 384.7403256136781
36.784380499117816, 351.58227710408266
36.784380499117816, 325.5389198542092
36.784380499117816, 299.49556260433576
36.784380499117816, 273.4522053544623
36.784380499117816, 247.40884810458886
36.784380499117816, 221.3654908547153
36.784380499117816, 195.32213360484184
36.784380499117816, 169.2787763549684
36.784380499117816, 143.23541910509493
36.784380499117816, 117.19206185522148
36.784380499117816, 91.14870460534803
36.797941839759844, 66.11694883542839
36.784380499117816, -141.51963578401728
36.784380499117816, -167.56299303389073
36.784380499117816, -193.6063502837643
36.784380499117816, -219.64970753363775
36.784380499117816, -245.6930647835112
36.97649949154665, -269.9607385845296
36.91999390553816, -297.995013640695
37.589585099738656, -344.39146981570195
37.35697043733708, -385.31439670644374
37.86928775048064, -40.5747221460781
37.86928775048064, -66.61807939595155
37.86928775048064, -92.661436645825
37.86928775048064, -118.70479389569846
38.01533295739486, -313.442217909056
37.94678112557797, 44.588900926929
38.361778542217706, 392.05766442630875
38.276127969741694, 357.3936047548808
38.276127969741694, 331.35024750500736
38.276127969741694, 305.3068902551339
38.276127969741694, 279.26353300526046
38.276127969741694, 253.220175755387
38.276127969741694, 227.17681850551355
38.276127969741694, 201.1334612556401
38.276127969741694, 175.09010400576665
38.276127969741694, 149.0467467558932
38.276127969741694, 123.00338950601974
38.276127969741694, 96.96003225614629
38.276127969741694, 70.91667500627284
38.39236803238771, -140.50495952752863
38.276127969741694, -172.08291454006724
38.276127969741694, -198.1262717899407
38.276127969741694, -224.16962903981414
38.41174137616204, -250.42822064712448
38.41174137616204, -276.4715778969979
38.51721847004454, -394.1928139507187
38.95419500184346, -354.6016496466183
39.361035221104515, -42.08136264813686
39.361035221104515, -68.12471989801031
39.361035221104515, -94.16807714788376
39.361035221104515, -302.5149351468714
39.361035221104515, -328.55829239674483
39.61288869017088, 43.235999251610906
39.88753432838352, 401.63059563045584
39.76787544036557, 369.87719748622516
39.76787544036557, 343.83384023635165
39.76787544036557, 317.7904829864782
39.76787544036557, 291.74712573660474
39.76787544036557, 265.7037684867313
39.76787544036557, 239.66041123685784
39.76787544036557, 213.6170539869844
39.76787544036557, 187.57369673711094
39.76787544036557, 161.53033948723748
39.76787544036557, 135.48698223736403
39.76787544036557, 109.44362498749058
39.76787544036557, 83.40026773761713
39.65163537771956, 63.106742607845604
39.76787544036557, -120.21143439775722
39.76787544036557, -146.25479164763067
39.76787544036557, -172.29814889750412
39.76787544036557, -198.34150614737757
39.76787544036557, -224.38486339725102
39.90348884678592, -250.42822064712448
39.90348884678592, -276.4715778969979
39.776351278266844, -388.04368793338756
40.50244805847582, -352.82596619776325
40.73312380371044, -408.0810570474283
40.85278269172839, -43.58800315019562
40.85278269172839, -69.63136040006907
40.85278269172839, -95.67471764994252
40.97935520438739, -297.7797792832581
40.825660010444324, -329.97883915582895
40.93623709567939, 44.608413931861605
41.34527348346546, 403.52172599084633
41.25962291098945, 369.2314944139142
41.25962291098945, 343.18813716404077
41.25962291098945, 317.1447799141673
41.25962291098945, 291.10142266429386
41.25962291098945, 265.0580654144204
41.25962291098945, 239.01470816454696
41.25962291098945, 212.9713509146735
41.25962291098945, 186.92799366480006
41.25962291098945, 160.8846364149266
41.25962291098945, 134.84127916505315
41.25962291098945, 108.7979219151797
41.25962291098945, 82.75456466530625
41.17825486713724, 64.4596442831637
41.37586297363546, -117.84385646595047
41.25962291098945, -149.0528382943113
41.25962291098945, -175.09619554418475
41.25962291098945, -201.1395527940582
41.25962291098945, -227.18291004393166
41.45174190341828, -251.6120096130279
41.43398300495848, -279.1773812476341
41.53932556173143, -373.09835223885796
42.07330334951156, -411.42352000997846
42.34453016235227, -46.81651851175013
42.34453016235227, -72.85987576162358
42.34453016235227, -307.25009101048465
42.34453016235227, -333.2934482603581
42.706165912806554, 413.6773892246486
42.75137038161333, 387.0959460811828
42.75137038161333, 361.0525888313093
42.75137038161333, 335.00923158143587
42.75137038161333, 308.9658743315624
42.75137038161333, 282.92251708168897
42.75137038161333, 256.8791598318155
42.75137038161333, 230.83580258194195
42.75137038161333, 204.7924453320685
42.75137038161333, 178.74908808219504
42.75137038161333, 152.7057308323216
42.75137038161333, 126.66237358244814
42.75137038161333, 100.61901633257469
42.75137038161333, 74.57565908270124
42.69486479560484, 48.87308956543643
42.75137038161333, -98.90323301149704
42.75137038161333, -124.94659026137049
42.75137038161333, -150.98994751124405
42.75137038161333, -177.0333047611174
42.75137038161333, -203.07666201099084
42.88698378803369, -229.1200192608643
42.88698378803369, -255.16337651073775
42.88698378803369, -281.2067337606112
42.88698378803369, -359.33680551023156
42.88698378803369, -385.380162760105
43.565050820135454, -411.42352000997846
43.83627763297615, -46.81651851175013
43.83627763297615, -72.85987576162358
43.83627763297615, -307.25009101048465
43.83627763297615, -333.2934482603581
44.243117852237205, 414.861178190552
44.243117852237205, 388.8178209406785
44.243117852237205, 362.774463690805
44.243117852237205, 336.7311064409316
44.243117852237205, 310.6877491910582
44.243117852237205, 284.6443919411847
44.243117852237205, 258.60103469131127
44.243117852237205, 232.55767744143782
44.243117852237205, 206.51432019156437
44.243117852237205, 180.4709629416909
44.243117852237205, 154.42760569181746
44.243117852237205, 128.384248441944
44.243117852237205, 102.34089119207056
44.243117852237205, 76.2975339421971
44.243117852237205, 50.254176692323654
44.243117852237205, -98.90323301149704
44.243117852237205, -124.94659026137049
44.243117852237205, -150.98994751124405
44.243117852237205, -177.0333047611174
44.243117852237205, -203.07666201099084
44.37873125865757, -229.1200192608643
44.37873125865757, -255.16337651073775
44.37873125865757, -281.2067337606112
44.37873125865757, -359.33680551023156
44.37873125865757, -385.380162760105
45.05679829075933, -411.100668473823
45.32802510360003, -46.816518511750246
45.32802510360003, -72.8598757616237
45.32802510360003, -307.25009101048465
45.32802510360003, -333.2934482603581
45.7348653228611, 413.78500640336705
45.7348653228611, 387.7416491534936
45.7348653228611, 361.69829190362015
45.7348653228611, 335.65493465374664
45.7348653228611, 309.6115774038732
45.7348653228611, 283.56822015399973
45.7348653228611, 257.5248629041263
45.7348653228611, 231.48150565425294
45.7348653228611, 205.43814840437938
45.7348653228611, 179.39479115450592
45.7348653228611, 153.35143390463247
45.7348653228611, 127.30807665475902
45.7348653228611, 101.26471940488557
45.7348653228611, 75.22136215501212
45.7348653228611, 49.71609079873099
45.7348653228611, -98.90323301149715
45.7348653228611, -124.9465902613706
45.7348653228611, -150.98994751124417
45.7348653228611, -177.0333047611174
45.7348653228611, -203.07666201099084
45.870478729281444, -229.1200192608643
45.870478729281444, -255.16337651073775
45.870478729281444, -281.2067337606112
45.870478729281444, -359.33680551023156
45.99013761729941, -393.7363201664815
46.81977257422392, -46.816518511750246
46.81977257422392, -72.8598757616237
46.81977257422392, -307.25009101048465
46.81977257422392, -333.2934482603581
47.226612793484975, 408.40414746744284
47.226612793484975, 382.3607902175694
47.226612793484975, 356.31743296769594
47.226612793484975, 330.27407571782237
47.226612793484975, 304.2307184679489
47.226612793484975, 278.18736121807547
47.226612793484975, 252.14400396820201
47.226612793484975, 226.10064671832856
47.226612793484975, 200.0572894684551
47.226612793484975, 174.01393221858166
47.226612793484975, 147.9705749687082
47.226612793484975, 121.92721771883475
47.226612793484975, 95.8838604689613
47.226612793484975, 69.84050321908774
47.226612793484975, 47.02566133076891
47.226612793484975, -98.90323301149715
47.226612793484975, -124.9465902613706
47.226612793484975, -150.98994751124417
47.226612793484975, -177.0333047611174
47.226612793484975, -203.07666201099084
47.36222619990532, -229.1200192608643
47.36222619990532, -255.16337651073775
47.36222619990532, -281.2067337606112
47.36222619990532, -359.33680551023156
47.36222619990532, -396.0342634532352
48.311520044847796, -46.816518511750246
48.311520044847796, -72.8598757616237
48.311520044847796, -307.25009101048465
48.311520044847796, -333.2934482603581
48.71836026410885, 397.4271952381573
48.71836026410885, 371.38383798828386
48.71836026410885, 345.3404807384104
48.71836026410885, 319.29712348853684
48.71836026410885, 293.2537662386634
48.71836026410885, 267.21040898878994
48.71836026410885, 241.16705173891648
48.71836026410885, 215.12369448904303
48.71836026410885, 189.08033723916958
48.71836026410885, 163.03697998929613
48.71836026410885, 136.99362273942268
48.71836026410885, 110.95026548954922
48.71836026410885, 84.90690823967577
48.63270969163284, 51.874098435138535
48.83460032675487, -102.79282532803677
48.71836026410885, -130.97315226960586
48.71836026410885, -157.0165095194793
48.71836026410885, -183.05986676935265
48.71836026410885, -209.1032240192261
48.910479256537684, -236.02545489530064
48.853973670529214, -263.1270477359059
48.853973670529214, -289.1704049857793
48.98054618318821, -364.07196137384483
48.748496576646716, -394.9162405409933
49.89367645308525, 41.967653931000086
49.835556421762234, -54.59570314482937
49.90874460935417, -91.53743500143207
49.90874460935417, -338.817796767907
50.21010773473273, 386.2350086514348
50.21010773473273, 360.19165140156133
50.21010773473273, 334.1482941516879
50.21010773473273, 308.1049369018144
50.21010773473273, 282.061579651941
50.21010773473273, 256.0182224020675
50.21010773473273, 229.97486515219407
50.21010773473273, 203.93150790232062
50.21010773473273, 177.88815065244717
50.21010773473273, 151.8447934025737
50.21010773473273, 125.80143615270026
50.21010773473273, 99.75807890282681
50.21010773473273, 73.71472165295336
50.30399393917759, -123.12537646767316
50.21010773473273, -150.3442444389333
50.21010773473273, -176.3876016888065
50.21010773473273, -202.43095893867996
50.402226727161576, -229.5146155828321
50.34572114115309, -256.45478265535974
50.34572114115309, -282.4981399052332
50.34572114115309, -308.54149715510664
50.26284628167399, -385.31439670644374
51.380665558571565, 51.00183288131507
51.32730389238611, -49.9732890874925
51.29501498609555, -87.49581206733774
51.400492079978065, -112.84563638769214
51.400492079978065, -338.4232004459394
51.44758006831846, -371.02672154852723
51.70185520535661, 375.2580564221493
51.70185520535661, 349.21469917227586
51.70185520535661, 323.17134192240235
51.70185520535661, 297.1279846725289
51.70185520535661, 271.08462742265544
51.70185520535661, 245.041270172782
51.70185520535661, 218.99791292290854
51.70185520535661, 192.9545556730351
51.70185520535661, 166.91119842316164
51.70185520535661, 140.86784117328818
51.70185520535661, 114.82448392341462
51.70185520535661, 88.78112667354117
51.828427718015604, -146.25479164763078
51.70185520535661, -175.52666425905875
51.70185520535661, -201.5700215089322
51.89397419778544, -228.3308266169289
51.83746861177697, -255.59384522561174
51.83746861177697, -281.6372024754852
51.82390727113493, -306.30305983776213
52.87241302919546, 64.58425364799541
52.78676245671943, 32.38972502505487
52.91390002523852, -39.269863854116466
52.78676245671943, -69.4161260426323
52.78676245671943, -95.45948329250575
52.78676245671943, -121.5028405423792
52.786762456719416, -355.13973554021106
53.1936026759805, 364.0658698354268
53.1936026759805, 338.0225125855533
53.1936026759805, 311.9791553356798
53.1936026759805, 285.93579808580637
53.1936026759805, 259.8924408359329
53.1936026759805, 233.84908358605958
53.1936026759805, 207.80572633618613
53.1936026759805, 181.76236908631267
53.1936026759805, 155.71901183643922
53.1936026759805, 129.67565458656577
53.1936026759805, 103.63229733669232
53.30984273862653, -149.80615854534074
53.1936026759805, -180.04658576523514
53.1936026759805, -206.0899430151086
53.38572166840932, -232.079491675623
53.32921608240085, -260.11376673178836
53.32921608240085, -286.1571239816618
53.32921608240085, -312.20048123153526
53.442227254417816, -334.47723722626176
54.364160499819334, 82.02956472446579
54.18462372289845, 42.96932151753367
54.364160499819334, -37.470816149355414
54.27850992734332, -71.99893833187582
54.27850992734332, -98.04229558174927
54.27850992734332, -124.08565283162272
54.27850992734332, -359.7672742251058
54.64362294462889, 26.12309392583245
54.68535014660438, 355.88696425282194
54.68535014660438, 329.8436070029485
54.68535014660438, 303.80024975307504
54.68535014660438, 277.7568925032016
54.68535014660438, 251.71353525332813
54.68535014660438, 225.67017800345457
54.68535014660438, 199.62682075358111
54.68535014660438, 173.58346350370766
54.68535014660438, 147.5401062538342
54.68535014660438, 121.49674900396076
54.6921308169254, -165.55055179185513
54.68535014660438, -201.57002150893243
54.93720361567077, -229.9655828079384
54.820963553024725, -260.9747041615361
54.820963553024725, -287.0180614114096
54.820963553024725, -313.061418661283
54.94753606568372, -344.1843067466692
55.85590797044321, 99.59948516576799
55.7702573979672, 63.16823813854171
55.7702573979672, -30.45870734654045
55.7702573979672, -56.5020645964139
55.7702573979672, -82.54542184628735
55.7702573979672, -108.5887790961608
55.8109414198933, -134.65365978177806
55.99627974200111, 34.93068618924133
56.177097617228256, 346.6318868830321
56.177097617228256, 320.5885296331587
56.177097617228256, 294.54517238328526
56.177097617228256, 268.5018151334118
56.177097617228256, 242.45845788353836
56.177097617228256, 216.4151006336649
56.177097617228256, 190.37174338379145
56.177097617228256, 164.328386133918
56.177097617228256, 138.28502888404455
56.293337679874284, -158.26179401607885
56.177097617228256, -189.0864287775879
56.36921660965709, -213.92806086510507
56.3127110236486, -241.81884634964592
56.3127110236486, -267.8622035995194
56.3127110236486, -293.9055608493928
56.3127110236486, -319.9489180992663
56.1964709610026, -346.5687959494172
57.34765544106709, 113.68034339177609
57.26200486859108, 77.37370572938175
57.26200486859108, -38.42237857170835
57.26200486859108, -64.4657358215818
57.26200486859108, -90.50909307145525
57.26200486859108, -116.5524503213287
57.49932832982667, 46.051725863366755
57.668845087852134, 333.9330597942509
57.668845087852134, 307.8897025443774
57.668845087852134, 281.846345294504
57.668845087852134, 255.80298804463052
57.668845087852134, 229.75963079475707
57.668845087852134, 203.71627354488362
57.668845087852134, 177.67291629501017
57.668845087852134, 151.62955904513672
57.785085150498176, -138.98294514279598
57.668845087852134, -170.14580532313448
57.860964080280965, -194.59284108868394
57.80445849427248, -222.6629885377555
57.80445849427248, -248.70634578762895
57.80445849427248, -274.7497030375024
57.80445849427248, -300.79306028737585
57.6778859816135, -330.37343547779676
58.83940291169097, 122.77682702450704
58.753752339214955, 86.84401745660853
58.753752339214955, -42.081362648136974
58.753752339214955, -68.12471989801043
58.753752339214955, -94.16807714788388
58.985092856049675, 55.05896720098997
59.16059255847601, 315.20767069723445
59.16059255847601, 289.164313447361
59.16059255847601, 263.12095619748754
59.16059255847601, 237.0775989476141
59.16059255847601, 211.03424169774064
59.16059255847601, 184.9908844478672
59.16059255847601, 158.94752719799374
59.16059255847601, -120.21143439775733
59.16059255847601, -146.25479164763078
59.29620596489637, -172.29814889750423
59.29620596489637, -198.3415061473778
59.29620596489637, -224.38486339725125
59.29620596489637, -250.4282206471247
59.35271155090484, -278.444559506837
59.196280297007675, -310.9260672730269
59.55387143709504, 39.83683379237402
60.331150382314846, 126.8889360639605
60.24549980983883, 90.93347024791092
60.361739872484875, -45.970954964676594
60.24549980983883, -74.15128190624569
60.24549980983883, -100.19463915611914
60.61061282712441, 63.91328014505427
60.65234002909989, 294.11470366841127
60.65234002909989, 268.0713464185377
60.65234002909989, 242.02798916866425
60.65234002909989, 215.9846319187908
60.65234002909989, 189.94127466891734
60.65234002909989, 163.8979174190439
60.76858009174593, -128.49795715908078
60.65234002909989, -158.0926813066643
60.84445902152872, -184.13603855653776
60.78795343552025, -211.90127066590696
60.78795343552025, -237.94462791578042
60.78795343552025, -263.98798516565387
60.661380922861255, -289.2564987287541
61.18575276101994, 38.88980261965128
61.82289785293872, 136.7330758856831
61.73724728046271, 100.40378197513758
61.82289785293872, -41.83214391847321
61.73724728046271, -76.73409419548932
61.73724728046271, -102.77745144536277
62.10236029774829, 78.30086911526405
62.14408749972377, 282.06157965194086
62.14408749972377, 256.0182224020674
62.14408749972377, 229.97486515219396
62.14408749972377, 203.9315079023205
62.14408749972377, 177.88815065244705
62.17637640601433, -143.66173010327122
62.34072693903329, -193.48797138717407
62.27970090614413, -229.7657223331754
62.27970090614413, -255.80907958304886
62.18581470169926, -279.74976272565357
62.55092771898485, 36.90964653123126
63.22899475108659, 154.42760569181723
63.22899475108659, 128.38424844194378
63.14181470410209, -31.76548737383655
63.22899475108659, -60.80675174515352
63.22899475108659, -86.85010899502697
63.3344718449691, -110.21499424124033
63.5002215639273, 102.34089119207033
63.5002215639273, 76.29753394219688
63.63583497034766, 284.6443919411845
63.63583497034766, 258.60103469131104
63.63583497034766, 232.5576774414376
63.63583497034766, 206.51432019156414
63.63583497034766, 180.4709629416907
63.668123876638205, -150.98994751124428
63.827953962776476, -189.66038706408665
63.77144837676801, -217.06689524439423
63.77144837676801, -243.11025249426768
63.677562172323135, -271.09899720559076
64.04267518960873, 46.272341079739476
64.00199116768262, -285.586752934454
64.8063927941865, 158.91354282576674
64.72074222171048, 122.78815514858252
64.72074222171048, -44.87940929481772
64.72074222171048, -70.92276654469117
64.72074222171048, -96.96612379456462
64.72074222171048, -123.00948104443808
65.08585523899605, 96.14876429349897
65.14453411677408, 65.93938049054259
65.12758244097154, 273.66743971189896
65.12758244097154, 247.6240824620255
65.12758244097154, 221.58072521215206
65.12758244097154, 195.5373679622786
65.24382250361757, -146.42390435704556
65.31970143340037, -176.0468139561982
65.26319584739188, -204.15283379817595
65.26319584739188, -230.1961910480494
65.26319584739188, -263.9102616476906
65.62483159784615, 50.254176692323426
66.29814026481037, 164.14713614870777
66.21248969233436, 128.1690140845069
66.3321485803523, -55.86902236865831
66.21248969233436, -87.49581206733785
66.21248969233436, -113.5391693172113
66.61085407369414, 95.68207825886407
66.5590572865197, 63.14432320993751
66.61932991159541, 243.965098385597
66.61932991159541, 217.92174113572355
66.56847488418778, 193.1966943251516
66.73556997424144, -139.15205785221087
66.81144890402425, -169.338676482746
66.75494331801576, -197.9110374325038
66.75494331801576, -223.95439468237726
66.69843773200729, -244.9038721395758
67.15274264351547, 44.25631259841339
67.7652631958474, 154.54598458840758
67.70423716295824, 118.26823364240624
67.7652631958474, -47.64517078788276
67.70423716295824, -83.83682799090934
67.74492118488433, -109.0838181182661
68.08094106968144, 81.03268980581015
68.1967279546953, 237.29283330505098
68.11107738221929, 202.42486740026163
68.11107738221929, 181.654751907594
68.27524097946498, -142.39190133784098
68.24669078863964, -177.6790078334285
68.24669078863964, -203.72236508330195
68.19018520263117, -230.59975546824387
68.51791760148035, 43.58191161177729
68.82043981580269, -245.23776133508693
69.31564352160005, 150.94587343916032
69.19598463358211, 116.97682749778437
69.19598463358211, -47.46222158406124
69.19598463358211, -73.50557883393469
69.19598463358211, -99.54893608380814
69.56109765086768, 89.77451601555799
69.46721144642282, 58.625255808354154
69.60282485284317, 241.81275481122736
69.60282485284317, 215.7693975613539
69.60282485284317, 189.72604031148046
69.6841928966954, 161.53033948723726
69.73843825926353, -127.31416819317747
69.73843825926353, -153.35752544305092
69.73843825926353, -179.40088269292426
69.85467832190955, -210.26395216111848
69.96035110613319, -233.53232358832258
70.66686850321824, 50.89160152011755
70.773382676682, 127.26276415845643
70.81430461686499, -52.34086701929925
70.68773210420599, -82.1149531314137
70.68773210420599, -108.15831038128715
71.05284512149157, 93.78118636169222
71.07197008906367, 66.4326258930023
71.09457232346705, 218.99791292290843
71.09457232346705, 192.95455567303497
71.09457232346705, 166.91119842316152
71.35675824254639, -132.365001114365
71.23018572988741, -164.98018074464733
71.23018572988741, -191.02353799452078
71.23018572988741, -214.80693449130592
72.01372985587167, 50.51724090696848
72.17947957482987, 142.58971603278383
72.10645697137276, -44.81318333868319
72.17947957482987, -72.64464140418693
72.28495666871238, -95.48339822110984
72.45070638767058, 116.54635878291037
72.45070638767058, 90.50300153303692
72.58631979409093, 220.0740847100933
72.58631979409093, 194.03072746021985
72.58631979409093, 167.9873702103464
72.84850571317027, -117.21250235080231
72.72193320051129, -149.9137757240594
72.72193320051129, -175.95713297393297
72.69650568680748, -207.7378310642356
73.12877341977234, -216.3350984291086
73.39434967401222, 58.78732215487685
73.75687761792977, 139.72370064164932
73.79779955811274, -49.97328908749273
73.67122704545376, -79.74737519960706
74.03634006273933, 104.34422636513739
74.07806726471482, 204.1467422597574
74.07806726471482, 178.10338500988394
74.41258033388502, 37.31141733178015
74.34025318379416, -104.26974299025915
74.21368067113517, -136.78447992040424
74.21368067113517, -162.8278371702777
74.21368067113517, -188.76357724143247
74.98215664085049, 66.19586809982161
75.018885271756, -205.222279511691
75.13904273847405, 142.1719081624649
75.16297451607764, -38.20714421427169
75.16297451607764, -64.25050146414515
75.56133889743742, 105.74428446904233
75.5698147353387, 201.13346125563976
75.5698147353387, 175.0901040057663
75.70542814175904, 39.81531035663011
75.83200065441804, -86.43398923731559
75.70542814175904, -119.13526261057268
75.70542814175904, -145.17861986044613
75.70542814175904, -171.22197711031959
76.4889722677433, 69.98399279071225
76.32698958785234, -193.60635028376453
76.74037255917753, 147.20026253156516
76.76019908058402, -45.632729545847155
76.9824543855507, 111.61390475831308
77.09546555756766, 185.40341696628775
77.31772086253436, 40.78386496509654
77.22946451867348, -97.43758952990288
77.19717561238292, -135.06260506090848
77.19717561238292, -161.10596231078193
77.39090905012628, -183.7978131377082
78.00181515714368, 88.92461624516568
78.20749549021455, 145.78594624072275
78.1464694573254, -32.61105092091043
78.1464694573254, -58.65440817078388
78.5834459891243, 108.12830391426428
78.55330967658645, 181.76236908631245
78.69538086426492, 53.69280178375686
78.80516314565283, -88.58735773719695
78.6889230830068, -116.76768467876605
78.6889230830068, -142.8110419286395
78.60327251053079, -174.35420341723113
79.3579492213472, 32.33950367498608
79.63821692794927, 149.69244982820373
79.67050583423983, -41.85587903558417
79.79078201017217, -78.77882059114063
79.96594932679845, 124.63558338324981
79.90944374078998, 96.96003225614595
80.04505714721033, 174.4444009334553
80.27455675807555, 72.83722773417162
80.30724306628967, -101.112972414517
80.18067055363069, -133.9864332737236
80.1806705536307, -169.06963353594983
80.7349166494356, 38.364817947815936
81.25050964872459, 151.66543143804256
81.25710196709224, -35.422549714930824
81.12996439857315, -65.9723763236409
81.49507741585873, 117.09272292101946
81.76630422869943, 90.32088015366696
81.79899053691355, -93.85240009030986
81.67241802425457, -125.80752769111882
81.67241802425457, -151.85088494099227
81.5785318198097, -170.02163165538263
81.89368200315093, 24.709256901777508
82.331111712582, 63.61408073608959
82.62171186919703, 160.88463641492626
82.7155980736419, -28.05801643666689
82.62171186919703, -55.42589280922937
82.98682488648261, 136.76183189295193
83.2580516993233, 109.07938222875077
83.31673057710134, 78.6651118740034
83.21632449734781, -83.78715852380867
83.16416549487845, -111.60206010027878
83.2580516993233, -139.97160405937484
82.7121208068106, -158.09268130666442
83.34724359354591, 36.581414136139756
84.11345933982092, -23.78644226599465
84.11345933982092, -49.8297995158681
84.38468615266162, 153.35143390463224
84.7497991699472, 130.7518263737503
84.65591296550232, 100.83425069001146
84.65591296550232, 74.790893440138
84.76139005938482, -84.30316909868952
84.65591296550232, -117.41338775107693
84.52934045284334, -144.99208341733402
84.72824011559318, 45.834697886284175
85.31460665382976, 27.846742694867203
85.6052068104448, -20.77316126187702
85.6052068104448, -46.81651851175047
85.80862692007533, 147.7194682183649
85.80862692007533, 122.23981999987404
86.1476604361262, 93.30104817971744
86.1476604361262, -72.85987576162393
86.1476604361262, -98.90323301149738
86.1476604361262, -135.70830813321948
86.33977942855503, 68.40560750284124
86.77826277598083, 36.87736137761556
86.90322084332531, 20.997677963569345
87.09695428106868, -20.77316126187702
87.09695428106868, -46.81651851175047
87.69156690921945, -76.13806059027945
87.63940790675008, -103.207920160237
87.60550455514499, -134.94960702325432
87.77502131317044, 90.5030015330367
88.1818615324315, 64.45964428316324
88.31747493885184, 28.461698001829745
88.68258795613743, -22.77649643494442
88.58870175169255, -50.045033873305215
89.2413412700905, -81.88626662663705
89.13115537737396, -113.32393495977453
89.00458286471498, -135.4428524257139
89.26676878379432, 90.5030015330367
89.67360900305538, 64.45964428316324
89.80922240947572, 27.977420697596585
90.15224455512721, -25.926124995809346
90.10757190360052, -56.28683023897736
90.57074384552848, -90.8898923192288
90.62290284799785, -128.22891421228474
90.7585162544182, 90.5030015330367
91.16535647367925, 64.45964428316324
91.30096988009961, 27.92361210823742
91.57219669294031, -16.253239755700747
91.57219669294031, -42.2965970055742
91.57219669294031, -68.33995425544765
92.18767292207883, -94.53231990662357
91.99136540369413, -120.85713747006855
92.25026372504207, 90.5030015330367
92.65710394430313, 64.45964428316324
92.79271735072349, 27.869803518878257
93.07108171127054, -27.37745759796951
93.06394416356419, -61.66768917490151
93.61182232550242, -101.50756873648493
93.74201119566595, 90.5030015330367
94.14885141492701, 64.45964428316324
94.28446482134737, 28.354080823111417
94.55569163418808, -16.468474113137745
94.55569163418808, -42.5118313630112
94.58281431547215, -68.36147769119145
95.09814525986948, -104.71456066229575
95.23375866628983, 90.5030015330367
95.6405988855509, 64.45964428316324
95.77621229197125, 27.92361210823742
96.04743910481196, -17.75988025775962
96.04743910481196, -43.80323750763307
96.04743910481196, -69.84659475750652
96.28737051617104, -104.00263163385034
96.25085921444249, 90.5030015330367
96.45427932407301, 64.45964428316324
